{
  "hash": "d7eea324",
  "configHash": "9ce5ada4",
  "lockfileHash": "4687b8a1",
  "browserHash": "cdb34c78",
  "optimized": {
    "@angular/common": {
      "src": "../../../../../node_modules/@angular/common/fesm2022/common.mjs",
      "file": "@angular_common.js",
      "fileHash": "e5f44317",
      "needsInterop": false
    },
    "@angular/common/http": {
      "src": "../../../../../node_modules/@angular/common/fesm2022/http.mjs",
      "file": "@angular_common_http.js",
      "fileHash": "cf422784",
      "needsInterop": false
    },
    "@angular/core": {
      "src": "../../../../../node_modules/@angular/core/fesm2022/core.mjs",
      "file": "@angular_core.js",
      "fileHash": "2351f14a",
      "needsInterop": false
    },
    "@angular/platform-browser": {
      "src": "../../../../../node_modules/@angular/platform-browser/fesm2022/platform-browser.mjs",
      "file": "@angular_platform-browser.js",
      "fileHash": "f1906a96",
      "needsInterop": false
    },
    "@angular/platform-browser/animations": {
      "src": "../../../../../node_modules/@angular/platform-browser/fesm2022/animations.mjs",
      "file": "@angular_platform-browser_animations.js",
      "fileHash": "d6fd2050",
      "needsInterop": false
    },
    "@angular/router": {
      "src": "../../../../../node_modules/@angular/router/fesm2022/router.mjs",
      "file": "@angular_router.js",
      "fileHash": "83701243",
      "needsInterop": false
    }
  },
  "chunks": {
    "chunk-ZVMKAHJT": {
      "file": "chunk-ZVMKAHJT.js"
    },
    "chunk-5QWR3S6J": {
      "file": "chunk-5QWR3S6J.js"
    },
    "chunk-2AHJHZMD": {
      "file": "chunk-2AHJHZMD.js"
    },
    "chunk-QT62IOSF": {
      "file": "chunk-QT62IOSF.js"
    }
  }
}